Query_ID	Doc_ID	Rank	Score
13	14	1	1.5118430447615694
21	32	1	1.5118430447615694
76	22	1	1.5118430447615694
76	31	2	1.5118430447615694
78	12	1	1.5118430447615694
