Query_ID	Doc_ID	Rank	Score
13	14	1	2.820362169344532
21	32	1	2.820362169344532
76	22	1	2.820362169344532
76	31	2	2.820362169344532
78	12	1	2.820362169344532
